{"cameraMode":{"drawMode":0,"name":"Shaded","section":"Shading Mode"},"sceneLighting":false,"audioPlay":false,"sceneViewState":{"m_AlwaysRefresh":false,"showFog":true,"showSkybox":false,"showFlares":true,"showImageEffects":true,"showParticleSystems":true,"showVisualEffectGraphs":true,"m_FxEnabled":true},"in2DMode":false,"pivot":{"x":0.00008739344775676727,"y":-0.00005129259079694748,"z":0.011261951178312302},"rotation":{"x":-0.0069074323400855068,"y":-0.46655043959617617,"z":0.0036436051595956089,"w":-0.8844605684280396},"size":0.036660388112068179,"orthographic":false}